name,order_id,weight,type_1,type_2
bulbasaur,1,69,grass,poison
ivysaur,2,130,grass,poison
venusaur,3,1000,grass,poison
charmander,4,85,fire,NaN
charmeleon,5,190,fire,NaN
charizard,6,905,fire,flying
squirtle,7,90,water,NaN
wartortle,8,225,water,NaN
blastoise,9,855,water,NaN
caterpie,10,29,bug,NaN
metapod,11,99,bug,NaN
butterfree,12,320,bug,flying
weedle,13,32,bug,poison
kakuna,14,100,bug,poison
beedrill,15,295,bug,poison
pidgey,16,18,normal,flying
pidgeotto,17,300,normal,flying
pidgeot,18,395,normal,flying
rattata,19,35,normal,NaN
raticate,20,185,normal,NaN
spearow,21,20,normal,flying
fearow,22,380,normal,flying
ekans,23,69,poison,NaN
arbok,24,650,poison,NaN
pikachu,25,60,electric,NaN
raichu,26,300,electric,NaN
sandshrew,27,120,ground,NaN
sandslash,28,295,ground,NaN
nidoran-f,29,70,poison,NaN
nidorina,30,200,poison,NaN
nidoqueen,31,600,poison,ground
nidoran-m,32,90,poison,NaN
nidorino,33,195,poison,NaN
nidoking,34,620,poison,ground
clefairy,35,75,fairy,NaN
clefable,36,400,fairy,NaN
vulpix,37,99,fire,NaN
ninetales,38,199,fire,NaN
jigglypuff,39,55,normal,fairy
wigglytuff,40,120,normal,fairy
zubat,41,75,poison,flying
golbat,42,550,poison,flying
oddish,43,54,grass,poison
gloom,44,86,grass,poison
vileplume,45,186,grass,poison
paras,46,54,bug,grass
parasect,47,295,bug,grass
venonat,48,300,bug,poison
venomoth,49,125,bug,poison
diglett,50,8,ground,NaN
dugtrio,51,333,ground,NaN
meowth,52,42,normal,NaN
persian,53,320,normal,NaN
psyduck,54,196,water,NaN
golduck,55,766,water,NaN
mankey,56,280,fighting,NaN
primeape,57,320,fighting,NaN
growlithe,58,190,fire,NaN
arcanine,59,1550,fire,NaN
poliwag,60,124,water,NaN
poliwhirl,61,200,water,NaN
poliwrath,62,540,water,fighting
abra,63,195,psychic,NaN
kadabra,64,565,psychic,NaN
alakazam,65,480,psychic,NaN
machop,66,195,fighting,NaN
machoke,67,705,fighting,NaN
machamp,68,1300,fighting,NaN
bellsprout,69,40,grass,poison
weepinbell,70,64,grass,poison
victreebel,71,155,grass,poison
tentacool,72,455,water,poison
tentacruel,73,550,water,poison
geodude,74,200,rock,ground
graveler,75,1050,rock,ground
golem,76,3000,rock,ground
ponyta,77,300,fire,NaN
rapidash,78,950,fire,NaN
slowpoke,79,360,water,psychic
slowbro,80,785,water,psychic
magnemite,81,60,electric,steel
magneton,82,600,electric,steel
farfetchd,83,150,normal,flying
doduo,84,392,normal,flying
dodrio,85,852,normal,flying
seel,86,900,water,NaN
dewgong,87,1200,water,ice
grimer,88,300,poison,NaN
muk,89,300,poison,NaN
shellder,90,40,water,NaN
cloyster,91,1325,water,ice
gastly,92,1,ghost,poison
haunter,93,1,ghost,poison
gengar,94,405,ghost,poison
onix,95,2100,rock,ground
drowzee,96,324,psychic,NaN
hypno,97,756,psychic,NaN
krabby,98,65,water,NaN
kingler,99,600,water,NaN
voltorb,100,104,electric,NaN
electrode,101,666,electric,NaN
exeggcute,102,25,grass,psychic
exeggutor,103,1200,grass,psychic
cubone,104,65,ground,NaN
marowak,105,450,ground,NaN
hitmonlee,106,498,fighting,NaN
hitmonchan,107,502,fighting,NaN
lickitung,108,655,normal,NaN
koffing,109,10,poison,NaN
weezing,110,95,poison,NaN
rhyhorn,111,1150,ground,rock
rhydon,112,1200,ground,rock
chansey,113,346,normal,NaN
tangela,114,350,grass,NaN
kangaskhan,115,800,normal,NaN
horsea,116,80,water,NaN
seadra,117,250,water,NaN
goldeen,118,150,water,NaN
seaking,119,390,water,NaN
staryu,120,345,water,NaN
starmie,121,800,water,psychic
mr-mime,122,545,psychic,fairy
scyther,123,560,bug,flying
jynx,124,406,ice,psychic
electabuzz,125,300,electric,NaN
magmar,126,445,fire,NaN
pinsir,127,550,bug,NaN
tauros,128,884,normal,NaN
magikarp,129,100,water,NaN
gyarados,130,2350,water,flying
lapras,131,2200,water,ice
ditto,132,40,normal,NaN
eevee,133,65,normal,NaN
vaporeon,134,290,water,NaN
jolteon,135,245,electric,NaN
flareon,136,250,fire,NaN
porygon,137,365,normal,NaN
omanyte,138,75,rock,water
omastar,139,350,rock,water
kabuto,140,115,rock,water
kabutops,141,405,rock,water
aerodactyl,142,590,rock,flying
snorlax,143,4600,normal,NaN
articuno,144,554,ice,flying
zapdos,145,526,electric,flying
moltres,146,600,fire,flying
dratini,147,33,dragon,NaN
dragonair,148,165,dragon,NaN
dragonite,149,2100,dragon,flying
mewtwo,150,1220,psychic,NaN
mew,151,40,psychic,NaN
chikorita,152,64,grass,NaN
bayleef,153,158,grass,NaN
meganium,154,1005,grass,NaN
cyndaquil,155,79,fire,NaN
quilava,156,190,fire,NaN
typhlosion,157,795,fire,NaN
totodile,158,95,water,NaN
croconaw,159,250,water,NaN
feraligatr,160,888,water,NaN
sentret,161,60,normal,NaN
furret,162,325,normal,NaN
hoothoot,163,212,normal,flying
noctowl,164,408,normal,flying
ledyba,165,108,bug,flying
ledian,166,356,bug,flying
spinarak,167,85,bug,poison
ariados,168,335,bug,poison
crobat,169,750,poison,flying
chinchou,170,120,water,electric
lanturn,171,225,water,electric
pichu,172,20,electric,NaN
cleffa,173,30,fairy,NaN
igglybuff,174,10,normal,fairy
togepi,175,15,fairy,NaN
togetic,176,32,fairy,flying
natu,177,20,psychic,flying
xatu,178,150,psychic,flying
mareep,179,78,electric,NaN
flaaffy,180,133,electric,NaN
ampharos,181,615,electric,NaN
bellossom,182,58,grass,NaN
marill,183,85,water,fairy
azumarill,184,285,water,fairy
sudowoodo,185,380,rock,NaN
politoed,186,339,water,NaN
hoppip,187,5,grass,flying
skiploom,188,10,grass,flying
jumpluff,189,30,grass,flying
aipom,190,115,normal,NaN
sunkern,191,18,grass,NaN
sunflora,192,85,grass,NaN
yanma,193,380,bug,flying
wooper,194,85,water,ground
quagsire,195,750,water,ground
espeon,196,265,psychic,NaN
umbreon,197,270,dark,NaN
murkrow,198,21,dark,flying
slowking,199,795,water,psychic
misdreavus,200,10,ghost,NaN
unown,201,50,psychic,NaN
wobbuffet,202,285,psychic,NaN
girafarig,203,415,normal,psychic
pineco,204,72,bug,NaN
forretress,205,1258,bug,steel
dunsparce,206,140,normal,NaN
gligar,207,648,ground,flying
steelix,208,4000,steel,ground
snubbull,209,78,fairy,NaN
granbull,210,487,fairy,NaN
qwilfish,211,39,water,poison
scizor,212,1180,bug,steel
shuckle,213,205,bug,rock
heracross,214,540,bug,fighting
sneasel,215,280,dark,ice
teddiursa,216,88,normal,NaN
ursaring,217,1258,normal,NaN
slugma,218,350,fire,NaN
magcargo,219,550,fire,rock
swinub,220,65,ice,ground
piloswine,221,558,ice,ground
corsola,222,50,water,rock
remoraid,223,120,water,NaN
octillery,224,285,water,NaN
delibird,225,160,ice,flying
mantine,226,2200,water,flying
skarmory,227,505,steel,flying
houndour,228,108,dark,fire
houndoom,229,350,dark,fire
kingdra,230,1520,water,dragon
phanpy,231,335,ground,NaN
donphan,232,1200,ground,NaN
porygon2,233,325,normal,NaN
stantler,234,712,normal,NaN
smeargle,235,580,normal,NaN
tyrogue,236,210,fighting,NaN
hitmontop,237,480,fighting,NaN
smoochum,238,60,ice,psychic
elekid,239,235,electric,NaN
magby,240,214,fire,NaN
miltank,241,755,normal,NaN
blissey,242,468,normal,NaN
raikou,243,1780,electric,NaN
entei,244,1980,fire,NaN
suicune,245,1870,water,NaN
larvitar,246,720,rock,ground
pupitar,247,1520,rock,ground
tyranitar,248,2020,rock,dark
lugia,249,2160,psychic,flying
ho-oh,250,1990,fire,flying
celebi,251,50,psychic,grass
treecko,252,50,grass,NaN
grovyle,253,216,grass,NaN
sceptile,254,522,grass,NaN
torchic,255,25,fire,NaN
combusken,256,195,fire,fighting
blaziken,257,520,fire,fighting
mudkip,258,76,water,NaN
marshtomp,259,280,water,ground
swampert,260,819,water,ground
poochyena,261,136,dark,NaN
mightyena,262,370,dark,NaN
zigzagoon,263,175,normal,NaN
linoone,264,325,normal,NaN
wurmple,265,36,bug,NaN
silcoon,266,100,bug,NaN
beautifly,267,284,bug,flying
cascoon,268,115,bug,NaN
dustox,269,316,bug,poison
lotad,270,26,water,grass
lombre,271,325,water,grass
ludicolo,272,550,water,grass
seedot,273,40,grass,NaN
nuzleaf,274,280,grass,dark
shiftry,275,596,grass,dark
taillow,276,23,normal,flying
swellow,277,198,normal,flying
wingull,278,95,water,flying
pelipper,279,280,water,flying
ralts,280,66,psychic,fairy
kirlia,281,202,psychic,fairy
gardevoir,282,484,psychic,fairy
surskit,283,17,bug,water
masquerain,284,36,bug,flying
shroomish,285,45,grass,NaN
breloom,286,392,grass,fighting
slakoth,287,240,normal,NaN
vigoroth,288,465,normal,NaN
slaking,289,1305,normal,NaN
nincada,290,55,bug,ground
ninjask,291,120,bug,flying
shedinja,292,12,bug,ghost
whismur,293,163,normal,NaN
loudred,294,405,normal,NaN
exploud,295,840,normal,NaN
makuhita,296,864,fighting,NaN
hariyama,297,2538,fighting,NaN
azurill,298,20,normal,fairy
nosepass,299,970,rock,NaN
skitty,300,110,normal,NaN
delcatty,301,326,normal,NaN
sableye,302,110,dark,ghost
mawile,303,115,steel,fairy
aron,304,600,steel,rock
lairon,305,1200,steel,rock
aggron,306,3600,steel,rock
meditite,307,112,fighting,psychic
medicham,308,315,fighting,psychic
electrike,309,152,electric,NaN
manectric,310,402,electric,NaN
plusle,311,42,electric,NaN
minun,312,42,electric,NaN
volbeat,313,177,bug,NaN
illumise,314,177,bug,NaN
roselia,315,20,grass,poison
gulpin,316,103,poison,NaN
swalot,317,800,poison,NaN
carvanha,318,208,water,dark
sharpedo,319,888,water,dark
wailmer,320,1300,water,NaN
wailord,321,3980,water,NaN
numel,322,240,fire,ground
camerupt,323,2200,fire,ground
torkoal,324,804,fire,NaN
spoink,325,306,psychic,NaN
grumpig,326,715,psychic,NaN
spinda,327,50,normal,NaN
trapinch,328,150,ground,NaN
vibrava,329,153,ground,dragon
flygon,330,820,ground,dragon
cacnea,331,513,grass,NaN
cacturne,332,774,grass,dark
swablu,333,12,normal,flying
altaria,334,206,dragon,flying
zangoose,335,403,normal,NaN
seviper,336,525,poison,NaN
lunatone,337,1680,rock,psychic
solrock,338,1540,rock,psychic
barboach,339,19,water,ground
whiscash,340,236,water,ground
corphish,341,115,water,NaN
crawdaunt,342,328,water,dark
baltoy,343,215,ground,psychic
claydol,344,1080,ground,psychic
lileep,345,238,rock,grass
cradily,346,604,rock,grass
anorith,347,125,rock,bug
armaldo,348,682,rock,bug
feebas,349,74,water,NaN
milotic,350,1620,water,NaN
castform,351,8,normal,NaN
kecleon,352,220,normal,NaN
shuppet,353,23,ghost,NaN
banette,354,125,ghost,NaN
duskull,355,150,ghost,NaN
dusclops,356,306,ghost,NaN
tropius,357,1000,grass,flying
chimecho,358,10,psychic,NaN
absol,359,470,dark,NaN
wynaut,360,140,psychic,NaN
snorunt,361,168,ice,NaN
glalie,362,2565,ice,NaN
spheal,363,395,ice,water
sealeo,364,876,ice,water
walrein,365,1506,ice,water
clamperl,366,525,water,NaN
huntail,367,270,water,NaN
gorebyss,368,226,water,NaN
relicanth,369,234,water,rock
luvdisc,370,87,water,NaN
bagon,371,421,dragon,NaN
shelgon,372,1105,dragon,NaN
salamence,373,1026,dragon,flying
beldum,374,952,steel,psychic
metang,375,2025,steel,psychic
metagross,376,5500,steel,psychic
regirock,377,2300,rock,NaN
regice,378,1750,ice,NaN
registeel,379,2050,steel,NaN
latias,380,400,dragon,psychic
latios,381,600,dragon,psychic
kyogre,382,3520,water,NaN
groudon,383,9500,ground,NaN
rayquaza,384,2065,dragon,flying
jirachi,385,11,steel,psychic
deoxys-normal,386,608,psychic,NaN
turtwig,387,102,grass,NaN
grotle,388,970,grass,NaN
torterra,389,3100,grass,ground
chimchar,390,62,fire,NaN
monferno,391,220,fire,fighting
infernape,392,550,fire,fighting
piplup,393,52,water,NaN
prinplup,394,230,water,NaN
empoleon,395,845,water,steel
starly,396,20,normal,flying
staravia,397,155,normal,flying
staraptor,398,249,normal,flying
bidoof,399,200,normal,NaN
bibarel,400,315,normal,water
kricketot,401,22,bug,NaN
kricketune,402,255,bug,NaN
shinx,403,95,electric,NaN
luxio,404,305,electric,NaN
luxray,405,420,electric,NaN
budew,406,12,grass,poison
roserade,407,145,grass,poison
cranidos,408,315,rock,NaN
rampardos,409,1025,rock,NaN
shieldon,410,570,rock,steel
bastiodon,411,1495,rock,steel
burmy,412,34,bug,NaN
wormadam-plant,413,65,bug,grass
mothim,414,233,bug,flying
combee,415,55,bug,flying
vespiquen,416,385,bug,flying
pachirisu,417,39,electric,NaN
buizel,418,295,water,NaN
floatzel,419,335,water,NaN
cherubi,420,33,grass,NaN
cherrim,421,93,grass,NaN
shellos,422,63,water,NaN
gastrodon,423,299,water,ground
ambipom,424,203,normal,NaN
drifloon,425,12,ghost,flying
drifblim,426,150,ghost,flying
buneary,427,55,normal,NaN
lopunny,428,333,normal,NaN
mismagius,429,44,ghost,NaN
honchkrow,430,273,dark,flying
glameow,431,39,normal,NaN
purugly,432,438,normal,NaN
chingling,433,6,psychic,NaN
stunky,434,192,poison,dark
skuntank,435,380,poison,dark
bronzor,436,605,steel,psychic
bronzong,437,1870,steel,psychic
bonsly,438,150,rock,NaN
mime-jr,439,130,psychic,fairy
happiny,440,244,normal,NaN
chatot,441,19,normal,flying
spiritomb,442,1080,ghost,dark
gible,443,205,dragon,ground
gabite,444,560,dragon,ground
garchomp,445,950,dragon,ground
munchlax,446,1050,normal,NaN
riolu,447,202,fighting,NaN
lucario,448,540,fighting,steel
hippopotas,449,495,ground,NaN
hippowdon,450,3000,ground,NaN
skorupi,451,120,poison,bug
drapion,452,615,poison,dark
croagunk,453,230,poison,fighting
toxicroak,454,444,poison,fighting
carnivine,455,270,grass,NaN
finneon,456,70,water,NaN
lumineon,457,240,water,NaN
mantyke,458,650,water,flying
snover,459,505,grass,ice
abomasnow,460,1355,grass,ice
weavile,461,340,dark,ice
magnezone,462,1800,electric,steel
lickilicky,463,1400,normal,NaN
rhyperior,464,2828,ground,rock
tangrowth,465,1286,grass,NaN
electivire,466,1386,electric,NaN
magmortar,467,680,fire,NaN
togekiss,468,380,fairy,flying
yanmega,469,515,bug,flying
leafeon,470,255,grass,NaN
glaceon,471,259,ice,NaN
gliscor,472,425,ground,flying
mamoswine,473,2910,ice,ground
porygon-z,474,340,normal,NaN
gallade,475,520,psychic,fighting
probopass,476,3400,rock,steel
dusknoir,477,1066,ghost,NaN
froslass,478,266,ice,ghost
rotom,479,3,electric,ghost
uxie,480,3,psychic,NaN
mesprit,481,3,psychic,NaN
azelf,482,3,psychic,NaN
dialga,483,6830,steel,dragon
palkia,484,3360,water,dragon
heatran,485,4300,fire,steel
regigigas,486,4200,normal,NaN
giratina-altered,487,7500,ghost,dragon
cresselia,488,856,psychic,NaN
phione,489,31,water,NaN
manaphy,490,14,water,NaN
darkrai,491,505,dark,NaN
shaymin-land,492,21,grass,NaN
arceus,493,3200,normal,NaN
victini,494,40,psychic,fire
snivy,495,81,grass,NaN
servine,496,160,grass,NaN
serperior,497,630,grass,NaN
tepig,498,99,fire,NaN
pignite,499,555,fire,fighting
emboar,500,1500,fire,fighting
oshawott,501,59,water,NaN
dewott,502,245,water,NaN
samurott,503,946,water,NaN
patrat,504,116,normal,NaN
watchog,505,270,normal,NaN
lillipup,506,41,normal,NaN
herdier,507,147,normal,NaN
stoutland,508,610,normal,NaN
purrloin,509,101,dark,NaN
liepard,510,375,dark,NaN
pansage,511,105,grass,NaN
simisage,512,305,grass,NaN
pansear,513,110,fire,NaN
simisear,514,280,fire,NaN
panpour,515,135,water,NaN
simipour,516,290,water,NaN
munna,517,233,psychic,NaN
musharna,518,605,psychic,NaN
pidove,519,21,normal,flying
tranquill,520,150,normal,flying
unfezant,521,290,normal,flying
blitzle,522,298,electric,NaN
zebstrika,523,795,electric,NaN
roggenrola,524,180,rock,NaN
boldore,525,1020,rock,NaN
gigalith,526,2600,rock,NaN
woobat,527,21,psychic,flying
swoobat,528,105,psychic,flying
drilbur,529,85,ground,NaN
excadrill,530,404,ground,steel
audino,531,310,normal,NaN
timburr,532,125,fighting,NaN
gurdurr,533,400,fighting,NaN
conkeldurr,534,870,fighting,NaN
tympole,535,45,water,NaN
palpitoad,536,170,water,ground
seismitoad,537,620,water,ground
throh,538,555,fighting,NaN
sawk,539,510,fighting,NaN
sewaddle,540,25,bug,grass
swadloon,541,73,bug,grass
leavanny,542,205,bug,grass
venipede,543,53,bug,poison
whirlipede,544,585,bug,poison
scolipede,545,2005,bug,poison
cottonee,546,6,grass,fairy
whimsicott,547,66,grass,fairy
petilil,548,66,grass,NaN
lilligant,549,163,grass,NaN
basculin-red-striped,550,180,water,NaN
sandile,551,152,ground,dark
krokorok,552,334,ground,dark
krookodile,553,963,ground,dark
darumaka,554,375,fire,NaN
darmanitan-standard,555,929,fire,NaN
maractus,556,280,grass,NaN
dwebble,557,145,bug,rock
crustle,558,2000,bug,rock
scraggy,559,118,dark,fighting
scrafty,560,300,dark,fighting
sigilyph,561,140,psychic,flying
yamask,562,15,ghost,NaN
cofagrigus,563,765,ghost,NaN
tirtouga,564,165,water,rock
carracosta,565,810,water,rock
archen,566,95,rock,flying
archeops,567,320,rock,flying
trubbish,568,310,poison,NaN
garbodor,569,1073,poison,NaN
zorua,570,125,dark,NaN
zoroark,571,811,dark,NaN
minccino,572,58,normal,NaN
cinccino,573,75,normal,NaN
gothita,574,58,psychic,NaN
gothorita,575,180,psychic,NaN
gothitelle,576,440,psychic,NaN
solosis,577,10,psychic,NaN
duosion,578,80,psychic,NaN
reuniclus,579,201,psychic,NaN
ducklett,580,55,water,flying
swanna,581,242,water,flying
vanillite,582,57,ice,NaN
vanillish,583,410,ice,NaN
vanilluxe,584,575,ice,NaN
deerling,585,195,normal,grass
sawsbuck,586,925,normal,grass
emolga,587,50,electric,flying
karrablast,588,59,bug,NaN
escavalier,589,330,bug,steel
foongus,590,10,grass,poison
amoonguss,591,105,grass,poison
frillish,592,330,water,ghost
jellicent,593,1350,water,ghost
alomomola,594,316,water,NaN
joltik,595,6,bug,electric
galvantula,596,143,bug,electric
ferroseed,597,188,grass,steel
ferrothorn,598,1100,grass,steel
klink,599,210,steel,NaN
klang,600,510,steel,NaN
klinklang,601,810,steel,NaN
tynamo,602,3,electric,NaN
eelektrik,603,220,electric,NaN
eelektross,604,805,electric,NaN
elgyem,605,90,psychic,NaN
beheeyem,606,345,psychic,NaN
litwick,607,31,ghost,fire
lampent,608,130,ghost,fire
chandelure,609,343,ghost,fire
axew,610,180,dragon,NaN
fraxure,611,360,dragon,NaN
haxorus,612,1055,dragon,NaN
cubchoo,613,85,ice,NaN
beartic,614,2600,ice,NaN
cryogonal,615,1480,ice,NaN
shelmet,616,77,bug,NaN
accelgor,617,253,bug,NaN
stunfisk,618,110,ground,electric
mienfoo,619,200,fighting,NaN
mienshao,620,355,fighting,NaN
druddigon,621,1390,dragon,NaN
golett,622,920,ground,ghost
golurk,623,3300,ground,ghost
pawniard,624,102,dark,steel
bisharp,625,700,dark,steel
bouffalant,626,946,normal,NaN
rufflet,627,105,normal,flying
braviary,628,410,normal,flying
vullaby,629,90,dark,flying
mandibuzz,630,395,dark,flying
heatmor,631,580,fire,NaN
durant,632,330,bug,steel
deino,633,173,dark,dragon
zweilous,634,500,dark,dragon
hydreigon,635,1600,dark,dragon
larvesta,636,288,bug,fire
volcarona,637,460,bug,fire
cobalion,638,2500,steel,fighting
terrakion,639,2600,rock,fighting
virizion,640,2000,grass,fighting
tornadus-incarnate,641,630,flying,NaN
thundurus-incarnate,642,610,electric,flying
reshiram,643,3300,dragon,fire
zekrom,644,3450,dragon,electric
landorus-incarnate,645,680,ground,flying
kyurem,646,3250,dragon,ice
keldeo-ordinary,647,485,water,fighting
meloetta-aria,648,65,normal,psychic
genesect,649,825,bug,steel
chespin,650,90,grass,NaN
quilladin,651,290,grass,NaN
chesnaught,652,900,grass,fighting
fennekin,653,94,fire,NaN
braixen,654,145,fire,NaN
delphox,655,390,fire,psychic
froakie,656,70,water,NaN
frogadier,657,109,water,NaN
greninja,658,400,water,dark
bunnelby,659,50,normal,NaN
diggersby,660,424,normal,ground
fletchling,661,17,normal,flying
fletchinder,662,160,fire,flying
talonflame,663,245,fire,flying
scatterbug,664,25,bug,NaN
spewpa,665,84,bug,NaN
vivillon,666,170,bug,flying
litleo,667,135,fire,normal
pyroar,668,815,fire,normal
flabebe,669,1,fairy,NaN
floette,670,9,fairy,NaN
florges,671,100,fairy,NaN
skiddo,672,310,grass,NaN
gogoat,673,910,grass,NaN
pancham,674,80,fighting,NaN
pangoro,675,1360,fighting,dark
furfrou,676,280,normal,NaN
espurr,677,35,psychic,NaN
meowstic-male,678,85,psychic,NaN
honedge,679,20,steel,ghost
doublade,680,45,steel,ghost
aegislash-shield,681,530,steel,ghost
spritzee,682,5,fairy,NaN
aromatisse,683,155,fairy,NaN
swirlix,684,35,fairy,NaN
slurpuff,685,50,fairy,NaN
inkay,686,35,dark,psychic
malamar,687,470,dark,psychic
binacle,688,310,rock,water
barbaracle,689,960,rock,water
skrelp,690,73,poison,water
dragalge,691,815,poison,dragon
clauncher,692,83,water,NaN
clawitzer,693,353,water,NaN
helioptile,694,60,electric,normal
heliolisk,695,210,electric,normal
tyrunt,696,260,rock,dragon
tyrantrum,697,2700,rock,dragon
amaura,698,252,rock,ice
aurorus,699,2250,rock,ice
sylveon,700,235,fairy,NaN
hawlucha,701,215,fighting,flying
dedenne,702,22,electric,fairy
carbink,703,57,rock,fairy
goomy,704,28,dragon,NaN
sliggoo,705,175,dragon,NaN
goodra,706,1505,dragon,NaN
klefki,707,30,steel,fairy
phantump,708,70,ghost,grass
trevenant,709,710,ghost,grass
pumpkaboo-average,710,50,ghost,grass
gourgeist-average,711,125,ghost,grass
bergmite,712,995,ice,NaN
avalugg,713,5050,ice,NaN
noibat,714,80,flying,dragon
noivern,715,850,flying,dragon
xerneas,716,2150,fairy,NaN
yveltal,717,2030,dark,flying
zygarde-50,718,3050,dragon,ground
diancie,719,88,rock,fairy
hoopa,720,90,psychic,ghost
volcanion,721,1950,fire,water
rowlet,722,15,grass,flying
dartrix,723,160,grass,flying
decidueye,724,366,grass,ghost
litten,725,43,fire,NaN
torracat,726,250,fire,NaN
incineroar,727,830,fire,dark
popplio,728,75,water,NaN
brionne,729,175,water,NaN
primarina,730,440,water,fairy
pikipek,731,12,normal,flying
trumbeak,732,148,normal,flying
toucannon,733,260,normal,flying
yungoos,734,60,normal,NaN
gumshoos,735,142,normal,NaN
grubbin,736,44,bug,NaN
charjabug,737,105,bug,electric
vikavolt,738,450,bug,electric
crabrawler,739,70,fighting,NaN
crabominable,740,1800,fighting,ice
oricorio-baile,741,34,fire,flying
cutiefly,742,2,bug,fairy
ribombee,743,5,bug,fairy
rockruff,744,92,rock,NaN
lycanroc-midday,745,250,rock,NaN
wishiwashi-solo,746,3,water,NaN
mareanie,747,80,poison,water
toxapex,748,145,poison,water
mudbray,749,1100,ground,NaN
mudsdale,750,9200,ground,NaN
dewpider,751,40,water,bug
araquanid,752,820,water,bug
fomantis,753,15,grass,NaN
lurantis,754,185,grass,NaN
morelull,755,15,grass,fairy
shiinotic,756,115,grass,fairy
salandit,757,48,poison,fire
salazzle,758,222,poison,fire
stufful,759,68,normal,fighting
bewear,760,1350,normal,fighting
bounsweet,761,32,grass,NaN
steenee,762,82,grass,NaN
tsareena,763,214,grass,NaN
comfey,764,3,fairy,NaN
oranguru,765,760,normal,psychic
passimian,766,828,fighting,NaN
wimpod,767,120,bug,water
golisopod,768,1080,bug,water
sandygast,769,700,ghost,ground
palossand,770,2500,ghost,ground
pyukumuku,771,12,water,NaN
type-null,772,1205,normal,NaN
silvally,773,1005,normal,NaN
minior-red-meteor,774,400,rock,flying
komala,775,199,normal,NaN
turtonator,776,2120,fire,dragon
togedemaru,777,33,electric,steel
mimikyu-disguised,778,7,ghost,fairy
bruxish,779,190,water,psychic
drampa,780,1850,normal,dragon
dhelmise,781,2100,ghost,grass
jangmo-o,782,297,dragon,NaN
hakamo-o,783,470,dragon,fighting
kommo-o,784,782,dragon,fighting
tapu-koko,785,205,electric,fairy
tapu-lele,786,186,psychic,fairy
tapu-bulu,787,455,grass,fairy
tapu-fini,788,212,water,fairy
cosmog,789,1,psychic,NaN
cosmoem,790,9999,psychic,NaN
solgaleo,791,2300,psychic,steel
lunala,792,1200,psychic,ghost
nihilego,793,555,rock,poison
buzzwole,794,3336,bug,fighting
pheromosa,795,250,bug,fighting
xurkitree,796,1000,electric,NaN
celesteela,797,9999,steel,flying
kartana,798,1,grass,steel
guzzlord,799,8880,dark,dragon
necrozma,800,2300,psychic,NaN
magearna,801,805,steel,fairy
marshadow,802,222,fighting,ghost
poipole,803,18,poison,NaN
naganadel,804,1500,poison,dragon
stakataka,805,8200,rock,steel
blacephalon,806,130,fire,ghost
zeraora,807,445,electric,NaN
meltan,808,80,steel,NaN
melmetal,809,8000,steel,NaN
grookey,810,50,grass,NaN
thwackey,811,140,grass,NaN
rillaboom,812,900,grass,NaN
scorbunny,813,45,fire,NaN
raboot,814,90,fire,NaN
cinderace,815,330,fire,NaN
sobble,816,40,water,NaN
drizzile,817,115,water,NaN
inteleon,818,452,water,NaN
skwovet,819,25,normal,NaN
greedent,820,60,normal,NaN
rookidee,821,18,flying,NaN
corvisquire,822,160,flying,NaN
corviknight,823,750,flying,steel
blipbug,824,80,bug,NaN
dottler,825,195,bug,psychic
orbeetle,826,408,bug,psychic
nickit,827,89,dark,NaN
thievul,828,199,dark,NaN
gossifleur,829,22,grass,NaN
eldegoss,830,25,grass,NaN
wooloo,831,60,normal,NaN
dubwool,832,430,normal,NaN
chewtle,833,85,water,NaN
drednaw,834,1155,water,rock
yamper,835,135,electric,NaN
boltund,836,340,electric,NaN
rolycoly,837,120,rock,NaN
carkol,838,780,rock,fire
coalossal,839,3105,rock,fire
applin,840,5,grass,dragon
flapple,841,10,grass,dragon
appletun,842,130,grass,dragon
silicobra,843,76,ground,NaN
sandaconda,844,655,ground,NaN
cramorant,845,180,flying,water
arrokuda,846,10,water,NaN
barraskewda,847,300,water,NaN
toxel,848,110,electric,poison
toxtricity-amped,849,400,electric,poison
sizzlipede,850,10,fire,bug
centiskorch,851,1200,fire,bug
clobbopus,852,40,fighting,NaN
grapploct,853,390,fighting,NaN
sinistea,854,2,ghost,NaN
polteageist,855,4,ghost,NaN
hatenna,856,34,psychic,NaN
hattrem,857,48,psychic,NaN
hatterene,858,51,psychic,fairy
impidimp,859,55,dark,fairy
morgrem,860,125,dark,fairy
grimmsnarl,861,610,dark,fairy
obstagoon,862,460,dark,normal
perrserker,863,280,steel,NaN
cursola,864,4,ghost,NaN
sirfetchd,865,1170,fighting,NaN
mr-rime,866,582,ice,psychic
runerigus,867,666,ground,ghost
milcery,868,3,fairy,NaN
alcremie,869,5,fairy,NaN
falinks,870,620,fighting,NaN
pincurchin,871,10,electric,NaN
snom,872,38,ice,bug
frosmoth,873,420,ice,bug
stonjourner,874,5200,rock,NaN
eiscue-ice,875,890,ice,NaN
indeedee-male,876,280,psychic,normal
morpeko-full-belly,877,30,electric,dark
cufant,878,1000,steel,NaN
copperajah,879,6500,steel,NaN
dracozolt,880,1900,electric,dragon
arctozolt,881,1500,electric,ice
dracovish,882,2150,water,dragon
arctovish,883,1750,water,ice
duraludon,884,400,steel,dragon
dreepy,885,20,dragon,ghost
drakloak,886,110,dragon,ghost
dragapult,887,500,dragon,ghost
zacian,888,1100,fairy,NaN
zamazenta,889,2100,fighting,NaN
eternatus,890,9500,poison,dragon
kubfu,891,120,fighting,NaN
urshifu-single-strike,892,1050,fighting,dark
zarude,893,700,dark,grass
regieleki,894,1450,electric,NaN
regidrago,895,2000,dragon,NaN
glastrier,896,8000,ice,NaN
spectrier,897,445,ghost,NaN
calyrex,898,77,psychic,grass
wyrdeer,899,951,normal,psychic
kleavor,900,890,bug,rock
ursaluna,901,2900,ground,normal
basculegion-male,902,1100,water,ghost
sneasler,903,430,fighting,poison
overqwil,904,605,dark,poison
enamorus-incarnate,905,480,fairy,flying
sprigatito,906,41,grass,NaN
floragato,907,122,grass,NaN
meowscarada,908,312,grass,dark
fuecoco,909,98,fire,NaN
crocalor,910,307,fire,NaN
skeledirge,911,3265,fire,ghost
quaxly,912,61,water,NaN
quaxwell,913,215,water,NaN
quaquaval,914,619,water,fighting
lechonk,915,102,normal,NaN
oinkologne,916,1200,normal,NaN
tarountula,917,40,bug,NaN
spidops,918,165,bug,NaN
nymble,919,10,bug,NaN
lokix,920,175,bug,dark
pawmi,921,25,electric,NaN
pawmo,922,65,electric,fighting
pawmot,923,410,electric,fighting
tandemaus,924,18,normal,NaN
maushold,925,23,normal,NaN
fidough,926,109,fairy,NaN
dachsbun,927,149,fairy,NaN
smoliv,928,65,grass,normal
dolliv,929,119,grass,normal
arboliva,930,482,grass,normal
squawkabilly,931,24,normal,flying
nacli,932,160,rock,NaN
naclstack,933,1050,rock,NaN
garganacl,934,2400,rock,NaN
charcadet,935,105,fire,NaN
armarouge,936,850,fire,psychic
ceruledge,937,620,fire,ghost
tadbulb,938,4,electric,NaN
bellibolt,939,1130,electric,NaN
wattrel,940,36,electric,flying
kilowattrel,941,386,electric,flying
maschiff,942,160,dark,NaN
mabosstiff,943,610,dark,NaN
shroodle,944,7,poison,normal
grafaiai,945,272,poison,normal
bramblin,946,6,grass,ghost
brambleghast,947,60,grass,ghost
toedscool,948,330,ground,grass
toedscruel,949,580,ground,grass
klawf,950,790,rock,NaN
capsakid,951,30,grass,NaN
scovillain,952,150,grass,fire
rellor,953,10,bug,NaN
rabsca,954,35,bug,psychic
flittle,955,15,psychic,NaN
espathra,956,900,psychic,NaN
tinkatink,957,89,fairy,steel
tinkatuff,958,591,fairy,steel
tinkaton,959,1128,fairy,steel
wiglett,960,18,water,NaN
wugtrio,961,54,water,NaN
bombirdier,962,429,flying,dark
finizen,963,602,water,NaN
palafin,964,602,water,NaN
varoom,965,350,steel,poison
revavroom,966,1200,steel,poison
cyclizar,967,630,dragon,normal
orthworm,968,3100,steel,NaN
glimmet,969,80,rock,poison
glimmora,970,450,rock,poison
greavard,971,350,ghost,NaN
houndstone,972,150,ghost,NaN
flamigo,973,370,flying,fighting
cetoddle,974,450,ice,NaN
cetitan,975,7000,ice,NaN
veluza,976,900,water,psychic
dondozo,977,2200,water,NaN
tatsugiri,978,80,dragon,water
annihilape,979,560,fighting,ghost
clodsire,980,2230,poison,ground
farigiraf,981,1600,normal,psychic
dudunsparce,982,392,normal,NaN
kingambit,983,1200,dark,steel
great-tusk,984,3200,ground,fighting
scream-tail,985,80,fairy,psychic
brute-bonnet,986,210,grass,dark
flutter-mane,987,40,ghost,fairy
slither-wing,988,920,bug,fighting
sandy-shocks,989,600,electric,ground
iron-treads,990,2400,ground,steel
iron-bundle,991,110,ice,water
iron-hands,992,3807,fighting,electric
iron-jugulis,993,1110,dark,flying
iron-moth,994,360,fire,poison
iron-thorns,995,3030,rock,electric
frigibax,996,170,dragon,ice
arctibax,997,300,dragon,ice
baxcalibur,998,2100,dragon,ice
gimmighoul,999,50,ghost,NaN
gholdengo,1000,300,steel,ghost
wo-chien,1001,742,dark,grass
chien-pao,1002,1522,dark,ice
ting-lu,1003,6997,dark,ground
chi-yu,1004,49,dark,fire
roaring-moon,1005,3800,dragon,dark
iron-valiant,1006,350,fairy,fighting
koraidon,1007,3030,fighting,dragon
miraidon,1008,2400,electric,dragon
walking-wake,1009,2800,water,dragon
iron-leaves,1010,1250,grass,psychic
deoxys-attack,10001,608,psychic,NaN
deoxys-defense,10002,608,psychic,NaN
deoxys-speed,10003,608,psychic,NaN
wormadam-sandy,10004,65,bug,ground
wormadam-trash,10005,65,bug,steel
shaymin-sky,10006,52,grass,flying
giratina-origin,10007,6500,ghost,dragon
rotom-heat,10008,3,electric,fire
rotom-wash,10009,3,electric,water
rotom-frost,10010,3,electric,ice
rotom-fan,10011,3,electric,flying
rotom-mow,10012,3,electric,grass
castform-sunny,10013,8,fire,NaN
castform-rainy,10014,8,water,NaN
castform-snowy,10015,8,ice,NaN
basculin-blue-striped,10016,180,water,NaN
darmanitan-zen,10017,929,fire,psychic
meloetta-pirouette,10018,65,normal,fighting
tornadus-therian,10019,630,flying,NaN
thundurus-therian,10020,610,electric,flying
landorus-therian,10021,680,ground,flying
kyurem-black,10022,3250,dragon,ice
kyurem-white,10023,3250,dragon,ice
keldeo-resolute,10024,485,water,fighting
meowstic-female,10025,85,psychic,NaN
aegislash-blade,10026,530,steel,ghost
pumpkaboo-small,10027,35,ghost,grass
pumpkaboo-large,10028,75,ghost,grass
pumpkaboo-super,10029,150,ghost,grass
gourgeist-small,10030,95,ghost,grass
gourgeist-large,10031,140,ghost,grass
gourgeist-super,10032,390,ghost,grass
venusaur-mega,10033,1555,grass,poison
charizard-mega-x,10034,1105,fire,dragon
charizard-mega-y,10035,1005,fire,flying
blastoise-mega,10036,1011,water,NaN
alakazam-mega,10037,480,psychic,NaN
gengar-mega,10038,405,ghost,poison
kangaskhan-mega,10039,1000,normal,NaN
pinsir-mega,10040,590,bug,flying
gyarados-mega,10041,3050,water,dark
aerodactyl-mega,10042,790,rock,flying
mewtwo-mega-x,10043,1270,psychic,fighting
mewtwo-mega-y,10044,330,psychic,NaN
ampharos-mega,10045,615,electric,dragon
scizor-mega,10046,1250,bug,steel
heracross-mega,10047,625,bug,fighting
houndoom-mega,10048,495,dark,fire
tyranitar-mega,10049,2550,rock,dark
blaziken-mega,10050,520,fire,fighting
gardevoir-mega,10051,484,psychic,fairy
mawile-mega,10052,235,steel,fairy
aggron-mega,10053,3950,steel,NaN
medicham-mega,10054,315,fighting,psychic
manectric-mega,10055,440,electric,NaN
banette-mega,10056,130,ghost,NaN
absol-mega,10057,490,dark,NaN
garchomp-mega,10058,950,dragon,ground
lucario-mega,10059,575,fighting,steel
abomasnow-mega,10060,1850,grass,ice
floette-eternal,10061,9,fairy,NaN
latias-mega,10062,520,dragon,psychic
latios-mega,10063,700,dragon,psychic
swampert-mega,10064,1020,water,ground
sceptile-mega,10065,552,grass,dragon
sableye-mega,10066,1610,dark,ghost
altaria-mega,10067,206,dragon,fairy
gallade-mega,10068,564,psychic,fighting
audino-mega,10069,320,normal,fairy
sharpedo-mega,10070,1303,water,dark
slowbro-mega,10071,1200,water,psychic
steelix-mega,10072,7400,steel,ground
pidgeot-mega,10073,505,normal,flying
glalie-mega,10074,3502,ice,NaN
diancie-mega,10075,278,rock,fairy
metagross-mega,10076,9429,steel,psychic
kyogre-primal,10077,4300,water,NaN
groudon-primal,10078,9997,ground,fire
rayquaza-mega,10079,3920,dragon,flying
pikachu-rock-star,10080,60,electric,NaN
pikachu-belle,10081,60,electric,NaN
pikachu-pop-star,10082,60,electric,NaN
pikachu-phd,10083,60,electric,NaN
pikachu-libre,10084,60,electric,NaN
pikachu-cosplay,10085,60,electric,NaN
hoopa-unbound,10086,4900,psychic,dark
camerupt-mega,10087,3205,fire,ground
lopunny-mega,10088,283,normal,fighting
salamence-mega,10089,1126,dragon,flying
beedrill-mega,10090,405,bug,poison
rattata-alola,10091,38,dark,normal
raticate-alola,10092,255,dark,normal
raticate-totem-alola,10093,1050,dark,normal
pikachu-original-cap,10094,60,electric,NaN
pikachu-hoenn-cap,10095,60,electric,NaN
pikachu-sinnoh-cap,10096,60,electric,NaN
pikachu-unova-cap,10097,60,electric,NaN
pikachu-kalos-cap,10098,60,electric,NaN
pikachu-alola-cap,10099,60,electric,NaN
raichu-alola,10100,210,electric,psychic
sandshrew-alola,10101,400,ice,steel
sandslash-alola,10102,550,ice,steel
vulpix-alola,10103,99,ice,NaN
ninetales-alola,10104,199,ice,fairy
diglett-alola,10105,10,ground,steel
dugtrio-alola,10106,666,ground,steel
meowth-alola,10107,42,dark,NaN
persian-alola,10108,330,dark,NaN
geodude-alola,10109,203,rock,electric
graveler-alola,10110,1100,rock,electric
golem-alola,10111,3160,rock,electric
grimer-alola,10112,420,poison,dark
muk-alola,10113,520,poison,dark
exeggutor-alola,10114,4156,grass,dragon
marowak-alola,10115,340,fire,ghost
greninja-battle-bond,10116,400,water,dark
greninja-ash,10117,400,water,dark
zygarde-10-power-construct,10118,335,dragon,ground
zygarde-50-power-construct,10119,3050,dragon,ground
zygarde-complete,10120,6100,dragon,ground
gumshoos-totem,10121,600,normal,NaN
vikavolt-totem,10122,1475,bug,electric
oricorio-pom-pom,10123,34,electric,flying
oricorio-pau,10124,34,psychic,flying
oricorio-sensu,10125,34,ghost,flying
lycanroc-midnight,10126,250,rock,NaN
wishiwashi-school,10127,786,water,NaN
lurantis-totem,10128,580,grass,NaN
salazzle-totem,10129,810,poison,fire
minior-orange-meteor,10130,400,rock,flying
minior-yellow-meteor,10131,400,rock,flying
minior-green-meteor,10132,400,rock,flying
minior-blue-meteor,10133,400,rock,flying
minior-indigo-meteor,10134,400,rock,flying
minior-violet-meteor,10135,400,rock,flying
minior-red,10136,3,rock,flying
minior-orange,10137,3,rock,flying
minior-yellow,10138,3,rock,flying
minior-green,10139,3,rock,flying
minior-blue,10140,3,rock,flying
minior-indigo,10141,3,rock,flying
minior-violet,10142,3,rock,flying
mimikyu-busted,10143,7,ghost,fairy
mimikyu-totem-disguised,10144,28,ghost,fairy
mimikyu-totem-busted,10145,28,ghost,fairy
kommo-o-totem,10146,2075,dragon,fighting
magearna-original,10147,805,steel,fairy
pikachu-partner-cap,10148,60,electric,NaN
marowak-totem,10149,980,fire,ghost
ribombee-totem,10150,20,bug,fairy
rockruff-own-tempo,10151,92,rock,NaN
lycanroc-dusk,10152,250,rock,NaN
araquanid-totem,10153,2175,water,bug
togedemaru-totem,10154,130,electric,steel
necrozma-dusk,10155,4600,psychic,steel
necrozma-dawn,10156,3500,psychic,ghost
necrozma-ultra,10157,2300,psychic,dragon
pikachu-starter,10158,60,electric,NaN
eevee-starter,10159,65,normal,NaN
pikachu-world-cap,10160,60,electric,NaN
meowth-galar,10161,75,steel,NaN
ponyta-galar,10162,240,psychic,NaN
rapidash-galar,10163,800,psychic,fairy
slowpoke-galar,10164,360,psychic,NaN
slowbro-galar,10165,705,poison,psychic
farfetchd-galar,10166,420,fighting,NaN
weezing-galar,10167,160,poison,fairy
mr-mime-galar,10168,568,ice,psychic
articuno-galar,10169,509,psychic,flying
zapdos-galar,10170,582,fighting,flying
moltres-galar,10171,660,dark,flying
slowking-galar,10172,795,poison,psychic
corsola-galar,10173,5,ghost,NaN
zigzagoon-galar,10174,175,dark,normal
linoone-galar,10175,325,dark,normal
darumaka-galar,10176,400,ice,NaN
darmanitan-galar-standard,10177,1200,ice,NaN
darmanitan-galar-zen,10178,1200,ice,fire
yamask-galar,10179,15,ground,ghost
stunfisk-galar,10180,205,ground,steel
zygarde-10,10181,335,dragon,ground
cramorant-gulping,10182,180,flying,water
cramorant-gorging,10183,180,flying,water
toxtricity-low-key,10184,400,electric,poison
eiscue-noice,10185,890,ice,NaN
indeedee-female,10186,280,psychic,normal
morpeko-hangry,10187,30,electric,dark
zacian-crowned,10188,3550,fairy,steel
zamazenta-crowned,10189,7850,fighting,steel
eternatus-eternamax,10190,0,poison,dragon
urshifu-rapid-strike,10191,1050,fighting,water
zarude-dada,10192,700,dark,grass
calyrex-ice,10193,8091,psychic,ice
calyrex-shadow,10194,536,psychic,ghost
venusaur-gmax,10195,10000,grass,poison
charizard-gmax,10196,10000,fire,flying
blastoise-gmax,10197,10000,water,NaN
butterfree-gmax,10198,10000,bug,flying
pikachu-gmax,10199,10000,electric,NaN
meowth-gmax,10200,10000,normal,NaN
machamp-gmax,10201,10000,fighting,NaN
gengar-gmax,10202,10000,ghost,poison
kingler-gmax,10203,10000,water,NaN
lapras-gmax,10204,10000,water,ice
eevee-gmax,10205,10000,normal,NaN
snorlax-gmax,10206,10000,normal,NaN
garbodor-gmax,10207,10000,poison,NaN
melmetal-gmax,10208,10000,steel,NaN
rillaboom-gmax,10209,10000,grass,NaN
cinderace-gmax,10210,10000,fire,NaN
inteleon-gmax,10211,10000,water,NaN
corviknight-gmax,10212,10000,flying,steel
orbeetle-gmax,10213,10000,bug,psychic
drednaw-gmax,10214,10000,water,rock
coalossal-gmax,10215,10000,rock,fire
flapple-gmax,10216,10000,grass,dragon
appletun-gmax,10217,10000,grass,dragon
sandaconda-gmax,10218,10000,ground,NaN
toxtricity-amped-gmax,10219,10000,electric,poison
centiskorch-gmax,10220,10000,fire,bug
hatterene-gmax,10221,10000,psychic,fairy
grimmsnarl-gmax,10222,10000,dark,fairy
alcremie-gmax,10223,10000,fairy,NaN
copperajah-gmax,10224,10000,steel,NaN
duraludon-gmax,10225,10000,steel,dragon
urshifu-single-strike-gmax,10226,10000,fighting,dark
urshifu-rapid-strike-gmax,10227,10000,fighting,water
toxtricity-low-key-gmax,10228,10000,electric,poison
growlithe-hisui,10229,227,fire,rock
arcanine-hisui,10230,1680,fire,rock
voltorb-hisui,10231,130,electric,grass
electrode-hisui,10232,710,electric,grass
typhlosion-hisui,10233,698,fire,ghost
qwilfish-hisui,10234,39,dark,poison
sneasel-hisui,10235,270,fighting,poison
samurott-hisui,10236,582,water,dark
lilligant-hisui,10237,192,grass,fighting
zorua-hisui,10238,125,normal,ghost
zoroark-hisui,10239,730,normal,ghost
braviary-hisui,10240,434,psychic,flying
sliggoo-hisui,10241,685,steel,dragon
goodra-hisui,10242,3341,steel,dragon
avalugg-hisui,10243,2624,ice,rock
decidueye-hisui,10244,370,grass,fighting
dialga-origin,10245,8487,steel,dragon
palkia-origin,10246,6590,water,dragon
basculin-white-striped,10247,180,water,NaN
basculegion-female,10248,1100,water,ghost
enamorus-therian,10249,480,fairy,flying
tauros-paldea-combat-breed,10250,1150,fighting,NaN
tauros-paldea-blaze-breed,10251,850,fighting,fire
tauros-paldea-aqua-breed,10252,1100,fighting,water
wooper-paldea,10253,110,poison,ground
oinkologne-female,10254,1200,normal,NaN
dudunsparce-three-segment,10255,474,normal,NaN
palafin-hero,10256,974,water,NaN
maushold-family-of-three,10257,28,normal,NaN
tatsugiri-droopy,10258,80,dragon,water
tatsugiri-stretchy,10259,80,dragon,water
squawkabilly-blue-plumage,10260,24,normal,flying
squawkabilly-yellow-plumage,10261,24,normal,flying
squawkabilly-white-plumage,10262,24,normal,flying
gimmighoul-roaming,10263,10,ghost,NaN
koraidon-limited-build,10264,3030,fighting,dragon
koraidon-sprinting-build,10265,3030,fighting,dragon
koraidon-swimming-build,10266,3030,fighting,dragon
koraidon-gliding-build,10267,3030,fighting,dragon
miraidon-low-power-mode,10268,2400,electric,dragon
miraidon-drive-mode,10269,2400,electric,dragon
miraidon-aquatic-mode,10270,2400,electric,dragon
miraidon-glide-mode,10271,2400,electric,dragon
